{
	"class_name" : "PinholeCameraParameters",
	"extrinsic" : 
	[
		0.99759589390062609,
		-0.039509928003836417,
		0.056933277279132721,
		0.0,
		-0.061854470136041444,
		-0.8781089957199667,
		0.474445588197278,
		0.0,
		0.031248311903213363,
		-0.47682654836408095,
		-0.87844179418923152,
		0.0,
		0.034518892516187477,
		0.11279686236351827,
		4.8840903975025594,
		1.0
	],
	"intrinsic" : 
	{
		"height" : 1025,
		"intrinsic_matrix" : 
		[
			887.67603887904966,
			0.0,
			0.0,
			0.0,
			887.67603887904966,
			0.0,
			926.0,
			512.0,
			1.0
		],
		"width" : 1853
	},
	"version_major" : 1,
	"version_minor" : 0
}