{
	"class_name" : "PinholeCameraParameters",
	"extrinsic" : 
	[
		0.95016869316675445,
		0.30265041807952359,
		-0.074713981034823074,
		0.0,
		0.30114735616768362,
		-0.8292057153250828,
		0.47088018810036181,
		0.0,
		0.080558825705174059,
		-0.46991553082283566,
		-0.87902768414453025,
		0.0,
		0.033184190981469353,
		0.12917615661625925,
		6.7065400841144793,
		1.0
	],
	"intrinsic" : 
	{
		"height" : 1025,
		"intrinsic_matrix" : 
		[
			887.67603887904966,
			0.0,
			0.0,
			0.0,
			887.67603887904966,
			0.0,
			926.0,
			512.0,
			1.0
		],
		"width" : 1853
	},
	"version_major" : 1,
	"version_minor" : 0
}