{
	"class_name" : "PinholeCameraParameters",
	"extrinsic" : 
	[
		0.99992715763969797,
		0.003161761596456085,
		0.011648290784573042,
		0.0,
		-0.0021839755701717309,
		-0.90175244168020607,
		0.43224734143137977,
		0.0,
		0.011870537700697759,
		-0.43224129509730336,
		-0.90167985069386047,
		0.0,
		0.14162702131100285,
		-0.57554480601899516,
		4.8875447005233532,
		1.0
	],
	"intrinsic" : 
	{
		"height" : 1025,
		"intrinsic_matrix" : 
		[
			887.67603887904966,
			0.0,
			0.0,
			0.0,
			887.67603887904966,
			0.0,
			926.0,
			512.0,
			1.0
		],
		"width" : 1853
	},
	"version_major" : 1,
	"version_minor" : 0
}