{
	"class_name" : "PinholeCameraParameters",
	"extrinsic" : 
	[
		-0.015061613370905782,
		0.82625134842175785,
		-0.5631002193516641,
		0.0,
		0.99978271716072131,
		0.020561267867006201,
		0.0034282255507004497,
		0.0,
		0.014410630430019685,
		-0.562926232729412,
		-0.82638150404984334,
		0.0,
		0.041547368055009234,
		0.2245329736053594,
		6.0344602618811045,
		1.0
	],
	"intrinsic" : 
	{
		"height" : 1025,
		"intrinsic_matrix" : 
		[
			887.67603887904966,
			0.0,
			0.0,
			0.0,
			887.67603887904966,
			0.0,
			926.0,
			512.0,
			1.0
		],
		"width" : 1853
	},
	"version_major" : 1,
	"version_minor" : 0
}