{
	"class_name" : "PinholeCameraParameters",
	"extrinsic" : 
	[
		0.87849774498021305,
		0.080956578079375646,
		-0.47083728031068078,
		0.0,
		0.47704743004008859,
		-0.09535278632832167,
		0.87368964491492762,
		0.0,
		0.025835277370824885,
		-0.99214609740960213,
		-0.12238733528461658,
		0.0,
		0.055924052714509676,
		0.32386725634803026,
		3.4112348435002291,
		1.0
	],
	"intrinsic" : 
	{
		"height" : 1025,
		"intrinsic_matrix" : 
		[
			887.67603887904966,
			0.0,
			0.0,
			0.0,
			887.67603887904966,
			0.0,
			926.0,
			512.0,
			1.0
		],
		"width" : 1853
	},
	"version_major" : 1,
	"version_minor" : 0
}