{
	"class_name" : "PinholeCameraParameters",
	"extrinsic" : 
	[
		0.79168512623097853,
		0.42548671225351936,
		-0.43840132139437077,
		0.0,
		0.60759583125607797,
		-0.4735055700820256,
		0.63766745325563834,
		0.0,
		0.063733560585261445,
		-0.77120265352045225,
		-0.63339126964155268,
		0.0,
		0.045517706007559722,
		0.25029309564835867,
		5.0927447321795798,
		1.0
	],
	"intrinsic" : 
	{
		"height" : 1025,
		"intrinsic_matrix" : 
		[
			887.67603887904966,
			0.0,
			0.0,
			0.0,
			887.67603887904966,
			0.0,
			926.0,
			512.0,
			1.0
		],
		"width" : 1853
	},
	"version_major" : 1,
	"version_minor" : 0
}