{
	"class_name" : "PinholeCameraParameters",
	"extrinsic" : 
	[
		0.56059343848362708,
		0.3062636362596643,
		-0.76937479932352348,
		0.0,
		0.82806125112978968,
		-0.21522264317378667,
		0.51768115500050449,
		0.0,
		-0.0070399649481530085,
		-0.92729811763547598,
		-0.37425745139306427,
		0.0,
		0.06798689877508593,
		0.30778671663638546,
		6.2056916277196521,
		1.0
	],
	"intrinsic" : 
	{
		"height" : 1025,
		"intrinsic_matrix" : 
		[
			887.67603887904966,
			0.0,
			0.0,
			0.0,
			887.67603887904966,
			0.0,
			926.0,
			512.0,
			1.0
		],
		"width" : 1853
	},
	"version_major" : 1,
	"version_minor" : 0
}