{
	"class_name" : "PinholeCameraParameters",
	"extrinsic" : 
	[
		-0.96548878465608934,
		-0.23989936380688953,
		0.10138886501168341,
		0.0,
		-0.25502719739465746,
		0.79183966355158553,
		-0.5549333976393368,
		0.0,
		0.052844444290144052,
		-0.56163888974283249,
		-0.82569317681333942,
		0.0,
		-0.075378236736163673,
		0.20943488802331167,
		8.7828034081061581,
		1.0
	],
	"intrinsic" : 
	{
		"height" : 1025,
		"intrinsic_matrix" : 
		[
			887.67603887904966,
			0.0,
			0.0,
			0.0,
			887.67603887904966,
			0.0,
			926.0,
			512.0,
			1.0
		],
		"width" : 1853
	},
	"version_major" : 1,
	"version_minor" : 0
}