{
	"class_name" : "PinholeCameraParameters",
	"extrinsic" : 
	[
		-0.93013333080044536,
		0.24204101887103832,
		-0.27616685557455833,
		0.0,
		0.3636344647134292,
		0.7119385859019064,
		-0.60076070608568588,
		0.0,
		0.051205107232063243,
		-0.65921134326395181,
		-0.7502122645661623,
		0.0,
		-0.044082654096277818,
		0.2606088920320806,
		8.1283608609713731,
		1.0
	],
	"intrinsic" : 
	{
		"height" : 1025,
		"intrinsic_matrix" : 
		[
			887.67603887904966,
			0.0,
			0.0,
			0.0,
			887.67603887904966,
			0.0,
			926.0,
			512.0,
			1.0
		],
		"width" : 1853
	},
	"version_major" : 1,
	"version_minor" : 0
}