{
	"class_name" : "PinholeCameraParameters",
	"extrinsic" : 
	[
		0.6877422230601723,
		0.60995700760097626,
		-0.39365350690513956,
		0.0,
		0.72550856868277647,
		-0.59650847336539492,
		0.34324183598616725,
		0.0,
		-0.025454889277331083,
		-0.521660895680085,
		-0.85277309908915999,
		0.0,
		0.075263185001358979,
		0.17171086857867834,
		6.6767232513267842,
		1.0
	],
	"intrinsic" : 
	{
		"height" : 1025,
		"intrinsic_matrix" : 
		[
			887.67603887904966,
			0.0,
			0.0,
			0.0,
			887.67603887904966,
			0.0,
			926.0,
			512.0,
			1.0
		],
		"width" : 1853
	},
	"version_major" : 1,
	"version_minor" : 0
}