{
	"class_name" : "PinholeCameraParameters",
	"extrinsic" : 
	[
		0.98762181117205738,
		0.024055035335423892,
		0.15499843022507229,
		0.0,
		0.013488940204025822,
		-0.99753488131272028,
		0.068863699120723251,
		0.0,
		0.1562728594139024,
		-0.065920526692592449,
		-0.98551168312261728,
		0.0,
		0.82986453364110968,
		-0.65587594196577148,
		3.8599618828312958,
		1.0
	],
	"intrinsic" : 
	{
		"height" : 1025,
		"intrinsic_matrix" : 
		[
			887.67603887904966,
			0.0,
			0.0,
			0.0,
			887.67603887904966,
			0.0,
			926.0,
			512.0,
			1.0
		],
		"width" : 1853
	},
	"version_major" : 1,
	"version_minor" : 0
}