{
	"class_name" : "PinholeCameraParameters",
	"extrinsic" : 
	[
		-0.93728175753177823,
		0.23409430143621682,
		-0.25826878447313528,
		0.0,
		0.34816387180368358,
		0.66459467634360225,
		-0.66113223680774402,
		0.0,
		0.016876770094106597,
		-0.70958704484427582,
		-0.70441564464480666,
		0.0,
		-0.033923941983760211,
		0.27448004391222947,
		6.8922589791874822,
		1.0
	],
	"intrinsic" : 
	{
		"height" : 1025,
		"intrinsic_matrix" : 
		[
			887.67603887904966,
			0.0,
			0.0,
			0.0,
			887.67603887904966,
			0.0,
			926.0,
			512.0,
			1.0
		],
		"width" : 1853
	},
	"version_major" : 1,
	"version_minor" : 0
}