{
	"class_name" : "PinholeCameraParameters",
	"extrinsic" : 
	[
		0.057216217319910063,
		-0.86447432931981516,
		0.49941009042935519,
		0.0,
		-0.99759465347817911,
		-0.069111495304661291,
		-0.0053393415797952388,
		0.0,
		0.039130701851011744,
		-0.49790333917720386,
		-0.86634926733323769,
		0.0,
		-0.056941939970655914,
		0.1183044451105042,
		7.3170072903556749,
		1.0
	],
	"intrinsic" : 
	{
		"height" : 1025,
		"intrinsic_matrix" : 
		[
			887.67603887904966,
			0.0,
			0.0,
			0.0,
			887.67603887904966,
			0.0,
			926.0,
			512.0,
			1.0
		],
		"width" : 1853
	},
	"version_major" : 1,
	"version_minor" : 0
}