{
	"class_name" : "PinholeCameraParameters",
	"extrinsic" : 
	[
		-0.018066370480945063,
		0.72498028406484716,
		-0.68853263827860678,
		0.0,
		0.99976052179882224,
		0.021604576262541666,
		-0.0034844421451399247,
		0.0,
		0.012349304036748106,
		-0.68843070094365311,
		-0.72519698336937288,
		0.0,
		0.17515123830071741,
		-0.86959075626654903,
		3.9457041673995135,
		1.0
	],
	"intrinsic" : 
	{
		"height" : 1025,
		"intrinsic_matrix" : 
		[
			887.67603887904966,
			0.0,
			0.0,
			0.0,
			887.67603887904966,
			0.0,
			926.0,
			512.0,
			1.0
		],
		"width" : 1853
	},
	"version_major" : 1,
	"version_minor" : 0
}