{
	"class_name" : "PinholeCameraParameters",
	"extrinsic" : 
	[
		0.99999056322764224,
		0.0016900595018629672,
		-0.004002143743427348,
		0.0,
		0.0032966990145719766,
		-0.89517455538358592,
		0.44570354179589694,
		0.0,
		-0.0028293517402776421,
		-0.44571252965636909,
		-0.89517167944258058,
		0.0,
		0.048839810189795524,
		0.10378682486056801,
		4.2757300160743927,
		1.0
	],
	"intrinsic" : 
	{
		"height" : 1025,
		"intrinsic_matrix" : 
		[
			887.67603887904966,
			0.0,
			0.0,
			0.0,
			887.67603887904966,
			0.0,
			926.0,
			512.0,
			1.0
		],
		"width" : 1853
	},
	"version_major" : 1,
	"version_minor" : 0
}