{
	"class_name" : "PinholeCameraParameters",
	"extrinsic" : 
	[
		0.97202171080421329,
		-0.031766500756848635,
		0.23273307275700153,
		0.0,
		-0.22426142842748209,
		-0.42019451516043926,
		0.87928572213402223,
		0.0,
		0.069861330111270881,
		-0.9068778632532325,
		-0.41556219233267061,
		0.0,
		0.013037591759574252,
		0.27533233822801462,
		3.845768682865768,
		1.0
	],
	"intrinsic" : 
	{
		"height" : 1025,
		"intrinsic_matrix" : 
		[
			887.67603887904966,
			0.0,
			0.0,
			0.0,
			887.67603887904966,
			0.0,
			926.0,
			512.0,
			1.0
		],
		"width" : 1853
	},
	"version_major" : 1,
	"version_minor" : 0
}