{
	"class_name" : "PinholeCameraParameters",
	"extrinsic" : 
	[
		0.13717437506933128,
		0.71676926302517963,
		-0.68368487946325052,
		0.0,
		0.98742400002185371,
		-0.044183660596725835,
		0.15179475721221602,
		0.0,
		0.078594115588768471,
		-0.69590920939344825,
		-0.71381603881967026,
		0.0,
		0.027246215920762817,
		0.25975383283992848,
		6.6084293599989428,
		1.0
	],
	"intrinsic" : 
	{
		"height" : 1025,
		"intrinsic_matrix" : 
		[
			887.67603887904966,
			0.0,
			0.0,
			0.0,
			887.67603887904966,
			0.0,
			926.0,
			512.0,
			1.0
		],
		"width" : 1853
	},
	"version_major" : 1,
	"version_minor" : 0
}