{
	"class_name" : "PinholeCameraParameters",
	"extrinsic" : 
	[
		0.8973362190052665,
		-0.31896208949588639,
		0.30504244872763303,
		0.0,
		-0.42885176254124496,
		-0.79344593250497253,
		0.43189086347893746,
		0.0,
		0.10427787793487257,
		-0.51836930624385225,
		-0.84877522732326915,
		0.0,
		-0.011399003268495966,
		0.11701509407092825,
		6.1033800556769506,
		1.0
	],
	"intrinsic" : 
	{
		"height" : 1025,
		"intrinsic_matrix" : 
		[
			887.67603887904966,
			0.0,
			0.0,
			0.0,
			887.67603887904966,
			0.0,
			926.0,
			512.0,
			1.0
		],
		"width" : 1853
	},
	"version_major" : 1,
	"version_minor" : 0
}