{
	"class_name" : "PinholeCameraParameters",
	"extrinsic" : 
	[
		-0.55953601996906821,
		-0.63520130407619979,
		0.53238965585092812,
		0.0,
		-0.8273202647834339,
		0.38961703493541366,
		-0.40464768078762747,
		0.0,
		0.049604655384786894,
		-0.66687170384417405,
		-0.74351967611901493,
		0.0,
		-0.081822359911730674,
		0.20607124793880338,
		6.3452909681807705,
		1.0
	],
	"intrinsic" : 
	{
		"height" : 1025,
		"intrinsic_matrix" : 
		[
			887.67603887904966,
			0.0,
			0.0,
			0.0,
			887.67603887904966,
			0.0,
			926.0,
			512.0,
			1.0
		],
		"width" : 1853
	},
	"version_major" : 1,
	"version_minor" : 0
}