{
	"class_name" : "PinholeCameraParameters",
	"extrinsic" : 
	[
		-0.2084139872853335,
		0.55150717793497206,
		-0.80771495132257642,
		0.0,
		0.97802914045970679,
		0.12153624460371089,
		-0.16937515065461684,
		0.0,
		0.0047550305441766139,
		-0.82526891007345615,
		-0.56471994453064411,
		0.0,
		0.23633961104339146,
		-0.32019900238935595,
		3.7955824309414137,
		1.0
	],
	"intrinsic" : 
	{
		"height" : 1025,
		"intrinsic_matrix" : 
		[
			887.67603887904966,
			0.0,
			0.0,
			0.0,
			887.67603887904966,
			0.0,
			926.0,
			512.0,
			1.0
		],
		"width" : 1853
	},
	"version_major" : 1,
	"version_minor" : 0
}