{
	"class_name" : "PinholeCameraParameters",
	"extrinsic" : 
	[
		-0.57786828049903494,
		-0.29031751177693538,
		0.76274765994314131,
		0.0,
		-0.81478226354055439,
		0.15153324322285314,
		-0.55961374109120521,
		0.0,
		0.046884042197954737,
		-0.94485629518674052,
		-0.32411181409070505,
		0.0,
		-0.081218972642260426,
		0.30227022622465083,
		4.3831305981986901,
		1.0
	],
	"intrinsic" : 
	{
		"height" : 1025,
		"intrinsic_matrix" : 
		[
			887.67603887904966,
			0.0,
			0.0,
			0.0,
			887.67603887904966,
			0.0,
			926.0,
			512.0,
			1.0
		],
		"width" : 1853
	},
	"version_major" : 1,
	"version_minor" : 0
}