{
	"class_name" : "PinholeCameraParameters",
	"extrinsic" : 
	[
		0.9994835553285043,
		-0.01341673753724955,
		-0.02919955105390163,
		0.0,
		-0.0027565980831154718,
		-0.94111637932848147,
		0.33807153344618973,
		0.0,
		-0.032015992798928056,
		-0.33781644677769407,
		-0.94066732934209663,
		0.0,
		0.058076642743028373,
		0.065619106802098592,
		6.722632432423044,
		1.0
	],
	"intrinsic" : 
	{
		"height" : 1025,
		"intrinsic_matrix" : 
		[
			887.67603887904966,
			0.0,
			0.0,
			0.0,
			887.67603887904966,
			0.0,
			926.0,
			512.0,
			1.0
		],
		"width" : 1853
	},
	"version_major" : 1,
	"version_minor" : 0
}