{
	"class_name" : "PinholeCameraParameters",
	"extrinsic" : 
	[
		0.51954814309212638,
		0.52041432284292444,
		-0.67767149828620055,
		0.0,
		0.84322770334142594,
		-0.18421699160932176,
		0.50500607948811405,
		0.0,
		0.13797379217470143,
		-0.83380635196810038,
		-0.53453737015346348,
		0.0,
		0.019312494998717622,
		0.28889502583766991,
		2.9092546731317936,
		1.0
	],
	"intrinsic" : 
	{
		"height" : 1025,
		"intrinsic_matrix" : 
		[
			887.67603887904966,
			0.0,
			0.0,
			0.0,
			887.67603887904966,
			0.0,
			926.0,
			512.0,
			1.0
		],
		"width" : 1853
	},
	"version_major" : 1,
	"version_minor" : 0
}