{
	"class_name" : "PinholeCameraParameters",
	"extrinsic" : 
	[
		0.79587173034253211,
		-0.57259704874327877,
		0.19677603668148011,
		0.0,
		-0.60420936584869933,
		-0.73018377335783635,
		0.31900266354001605,
		0.0,
		-0.038977314713775163,
		-0.37277912615300662,
		-0.92710112287835367,
		0.0,
		0.022366624289507309,
		0.060258900049781294,
		5.8137356143919234,
		1.0
	],
	"intrinsic" : 
	{
		"height" : 1025,
		"intrinsic_matrix" : 
		[
			887.67603887904966,
			0.0,
			0.0,
			0.0,
			887.67603887904966,
			0.0,
			926.0,
			512.0,
			1.0
		],
		"width" : 1853
	},
	"version_major" : 1,
	"version_minor" : 0
}