{
	"class_name" : "PinholeCameraParameters",
	"extrinsic" : 
	[
		0.99989755865752983,
		-0.010317301033909492,
		-0.009920962155340534,
		0.0,
		-0.0025764048193672347,
		-0.81153872000414651,
		0.58429296425015975,
		0.0,
		-0.014079571332918851,
		-0.58420754807979625,
		-0.81148216643230919,
		0.0,
		0.04800282062299524,
		-0.96730594253686064,
		4.2581064457436497,
		1.0
	],
	"intrinsic" : 
	{
		"height" : 1025,
		"intrinsic_matrix" : 
		[
			887.67603887904966,
			0.0,
			0.0,
			0.0,
			887.67603887904966,
			0.0,
			926.0,
			512.0,
			1.0
		],
		"width" : 1853
	},
	"version_major" : 1,
	"version_minor" : 0
}