{
	"class_name" : "PinholeCameraParameters",
	"extrinsic" : 
	[
		0.85107449134529378,
		0.029797121299333856,
		0.52419876167692581,
		0.0,
		-0.521063992432376,
		-0.074778058296190178,
		0.85023558957966738,
		0.0,
		0.064533138555183847,
		-0.99675492151266776,
		-0.04811549094099609,
		0.0,
		-0.0049429916046067057,
		0.32389800092989923,
		3.7381505770898937,
		1.0
	],
	"intrinsic" : 
	{
		"height" : 1025,
		"intrinsic_matrix" : 
		[
			887.67603887904966,
			0.0,
			0.0,
			0.0,
			887.67603887904966,
			0.0,
			926.0,
			512.0,
			1.0
		],
		"width" : 1853
	},
	"version_major" : 1,
	"version_minor" : 0
}