{
	"class_name" : "PinholeCameraParameters",
	"extrinsic" : 
	[
		0.60660624275350794,
		0.6765927452391276,
		-0.41743397482985656,
		0.0,
		0.79375109688423073,
		-0.48599549182465385,
		0.36574250248117679,
		0.0,
		0.044587693902611525,
		-0.55320036064331513,
		-0.83185413296836674,
		0.0,
		0.051687413196240262,
		0.19040137023723669,
		2.7075915714687624,
		1.0
	],
	"intrinsic" : 
	{
		"height" : 1025,
		"intrinsic_matrix" : 
		[
			887.67603887904966,
			0.0,
			0.0,
			0.0,
			887.67603887904966,
			0.0,
			926.0,
			512.0,
			1.0
		],
		"width" : 1853
	},
	"version_major" : 1,
	"version_minor" : 0
}