{
	"class_name" : "PinholeCameraParameters",
	"extrinsic" : 
	[
		-0.68175947044966489,
		-0.010442272941266454,
		0.73150186834212039,
		0.0,
		-0.73140747319675969,
		-0.011757317037410172,
		-0.6818393312562816,
		0.0,
		0.015720451778624869,
		-0.99987635457185509,
		0.00037810577093098935,
		0.0,
		-0.072070989855556655,
		0.32595837122322591,
		4.5745560115258579,
		1.0
	],
	"intrinsic" : 
	{
		"height" : 1025,
		"intrinsic_matrix" : 
		[
			887.67603887904966,
			0.0,
			0.0,
			0.0,
			887.67603887904966,
			0.0,
			926.0,
			512.0,
			1.0
		],
		"width" : 1853
	},
	"version_major" : 1,
	"version_minor" : 0
}