{
	"class_name" : "PinholeCameraParameters",
	"extrinsic" : 
	[
		-0.80667096228456403,
		-0.019532981292494329,
		0.59067793360571941,
		0.0,
		-0.59038262496892113,
		-0.019068272887832142,
		-0.80689823218537393,
		0.0,
		0.027024336101038306,
		-0.99962736237605176,
		0.0038498892706005758,
		0.0,
		-0.075106953362491596,
		0.32509922478987263,
		3.6464617629887695,
		1.0
	],
	"intrinsic" : 
	{
		"height" : 1025,
		"intrinsic_matrix" : 
		[
			887.67603887904966,
			0.0,
			0.0,
			0.0,
			887.67603887904966,
			0.0,
			926.0,
			512.0,
			1.0
		],
		"width" : 1853
	},
	"version_major" : 1,
	"version_minor" : 0
}