{
	"class_name" : "PinholeCameraParameters",
	"extrinsic" : 
	[
		-0.64619601215939304,
		-0.18697473869606918,
		0.73991294147273468,
		0.0,
		-0.75899832122442157,
		0.056199105354437784,
		-0.64866263106168731,
		0.0,
		0.079701080593725535,
		-0.98075588585891116,
		-0.17822915054865468,
		0.0,
		-0.09259383557805749,
		0.31446709619071989,
		4.6349301994609435,
		1.0
	],
	"intrinsic" : 
	{
		"height" : 1025,
		"intrinsic_matrix" : 
		[
			887.67603887904966,
			0.0,
			0.0,
			0.0,
			887.67603887904966,
			0.0,
			926.0,
			512.0,
			1.0
		],
		"width" : 1853
	},
	"version_major" : 1,
	"version_minor" : 0
}