{
	"class_name" : "PinholeCameraParameters",
	"extrinsic" : 
	[
		-0.7633477500093333,
		0.53851806580693828,
		-0.3567891609273503,
		0.0,
		0.64598463166807585,
		0.6346258449489931,
		-0.42420972710610627,
		0.0,
		-0.0020169790155075145,
		-0.55429985542333582,
		-0.83231460522648537,
		0.0,
		-0.0054430782789399324,
		0.23682441642527419,
		7.5500869981896583,
		1.0
	],
	"intrinsic" : 
	{
		"height" : 1025,
		"intrinsic_matrix" : 
		[
			887.67603887904966,
			0.0,
			0.0,
			0.0,
			887.67603887904966,
			0.0,
			926.0,
			512.0,
			1.0
		],
		"width" : 1853
	},
	"version_major" : 1,
	"version_minor" : 0
}