{
	"class_name" : "PinholeCameraParameters",
	"extrinsic" : 
	[
		-0.092999913041698287,
		0.016910069674044566,
		0.99552250889563298,
		0.0,
		-0.99565753817430214,
		0.0025710656679180837,
		-0.093056199675355125,
		0.0,
		-0.0041331405643732951,
		-0.99985370888192959,
		0.016597529458474258,
		0.0,
		-0.049875798932010065,
		0.3279306026254647,
		3.0856003785996058,
		1.0
	],
	"intrinsic" : 
	{
		"height" : 1025,
		"intrinsic_matrix" : 
		[
			887.67603887904966,
			0.0,
			0.0,
			0.0,
			887.67603887904966,
			0.0,
			926.0,
			512.0,
			1.0
		],
		"width" : 1853
	},
	"version_major" : 1,
	"version_minor" : 0
}