{
	"class_name" : "PinholeCameraParameters",
	"extrinsic" : 
	[
		0.34635244953622224,
		-0.40407677523996199,
		0.84661794241082078,
		0.0,
		-0.93689259384703294,
		-0.19485203918998525,
		0.29028425795775309,
		0.0,
		0.04766810563508378,
		-0.89373074386818419,
		-0.44606401913849181,
		0.0,
		-0.04307256388162789,
		0.26383985479697114,
		3.2478152947408243,
		1.0
	],
	"intrinsic" : 
	{
		"height" : 1025,
		"intrinsic_matrix" : 
		[
			887.67603887904966,
			0.0,
			0.0,
			0.0,
			887.67603887904966,
			0.0,
			926.0,
			512.0,
			1.0
		],
		"width" : 1853
	},
	"version_major" : 1,
	"version_minor" : 0
}