{
	"class_name" : "PinholeCameraParameters",
	"extrinsic" : 
	[
		0.99989458547128307,
		-0.0023055389392690091,
		-0.014335356131278169,
		0.0,
		0.003824453597611824,
		-0.91062697743259957,
		0.41321166673588433,
		0.0,
		-0.014006837612065552,
		-0.41322293312710434,
		-0.91052216669224584,
		0.0,
		0.05251562227811031,
		0.092244164197894163,
		4.8883011160214966,
		1.0
	],
	"intrinsic" : 
	{
		"height" : 1025,
		"intrinsic_matrix" : 
		[
			887.67603887904966,
			0.0,
			0.0,
			0.0,
			887.67603887904966,
			0.0,
			926.0,
			512.0,
			1.0
		],
		"width" : 1853
	},
	"version_major" : 1,
	"version_minor" : 0
}