{
	"class_name" : "PinholeCameraParameters",
	"extrinsic" : 
	[
		0.32340646693886788,
		-0.78799267327836853,
		0.52390438440781295,
		0.0,
		-0.94155011244054421,
		-0.3231467573234616,
		0.095181715652379567,
		0.0,
		0.094295508404788966,
		-0.52406461442358643,
		-0.84644234121630535,
		0.0,
		-0.05963681309345481,
		0.11857615895624329,
		6.0972479982789274,
		1.0
	],
	"intrinsic" : 
	{
		"height" : 1025,
		"intrinsic_matrix" : 
		[
			887.67603887904966,
			0.0,
			0.0,
			0.0,
			887.67603887904966,
			0.0,
			926.0,
			512.0,
			1.0
		],
		"width" : 1853
	},
	"version_major" : 1,
	"version_minor" : 0
}