{
	"class_name" : "PinholeCameraParameters",
	"extrinsic" : 
	[
		-0.4443473070821361,
		0.78144861245359531,
		-0.43805654518932213,
		0.0,
		0.89481647547433618,
		0.41068594724377694,
		-0.17504435996674805,
		0.0,
		0.043115494993570196,
		-0.46976070379591411,
		-0.88174028787428504,
		0.0,
		0.0067243978855137665,
		0.21025533412433273,
		6.6597220553836927,
		1.0
	],
	"intrinsic" : 
	{
		"height" : 1025,
		"intrinsic_matrix" : 
		[
			887.67603887904966,
			0.0,
			0.0,
			0.0,
			887.67603887904966,
			0.0,
			926.0,
			512.0,
			1.0
		],
		"width" : 1853
	},
	"version_major" : 1,
	"version_minor" : 0
}