{
	"class_name" : "PinholeCameraParameters",
	"extrinsic" : 
	[
		-0.13791861296651028,
		0.65264040223757147,
		-0.74500937011864155,
		0.0,
		0.99034526625157748,
		0.080273402531027993,
		-0.11301519570033054,
		0.0,
		-0.013953845723900252,
		-0.75340340204519429,
		-0.65741052925568599,
		0.0,
		0.019851238390367492,
		-0.21339537764795491,
		3.2984932688564976,
		1.0
	],
	"intrinsic" : 
	{
		"height" : 1025,
		"intrinsic_matrix" : 
		[
			887.67603887904966,
			0.0,
			0.0,
			0.0,
			887.67603887904966,
			0.0,
			926.0,
			512.0,
			1.0
		],
		"width" : 1853
	},
	"version_major" : 1,
	"version_minor" : 0
}