{
	"class_name" : "PinholeCameraParameters",
	"extrinsic" : 
	[
		0.91328794544527125,
		-0.19639305527839682,
		0.35684015545166992,
		0.0,
		-0.40730359610686767,
		-0.43392419335104243,
		0.80362527027406339,
		0.0,
		-0.0029848455184242621,
		-0.87928355054729856,
		-0.47628933268987533,
		0.0,
		0.025455672461184797,
		0.25779989573948781,
		5.6967146551668035,
		1.0
	],
	"intrinsic" : 
	{
		"height" : 1025,
		"intrinsic_matrix" : 
		[
			887.67603887904966,
			0.0,
			0.0,
			0.0,
			887.67603887904966,
			0.0,
			926.0,
			512.0,
			1.0
		],
		"width" : 1853
	},
	"version_major" : 1,
	"version_minor" : 0
}