{
	"class_name" : "PinholeCameraParameters",
	"extrinsic" : 
	[
		0.82850912649030151,
		0.51805522762217049,
		-0.2125827096817115,
		0.0,
		0.55563890963329743,
		-0.71339556342121191,
		0.4270037144949117,
		0.0,
		0.069555944561181277,
		-0.47189569951873128,
		-0.87890637689797724,
		0.0,
		0.042930758420486659,
		0.14555341612434636,
		3.9547844216197348,
		1.0
	],
	"intrinsic" : 
	{
		"height" : 1025,
		"intrinsic_matrix" : 
		[
			887.67603887904966,
			0.0,
			0.0,
			0.0,
			887.67603887904966,
			0.0,
			926.0,
			512.0,
			1.0
		],
		"width" : 1853
	},
	"version_major" : 1,
	"version_minor" : 0
}