{
	"class_name" : "PinholeCameraParameters",
	"extrinsic" : 
	[
		-0.013806384627265344,
		-0.47634787846876103,
		0.87914849850399823,
		0.0,
		-0.99939356766429144,
		-0.021535075270593937,
		-0.027363067158660728,
		0.0,
		0.03196686807873951,
		-0.87899313945638979,
		-0.47576168418004844,
		0.0,
		-0.058075579071216306,
		0.26371240244212579,
		3.5489408682372487,
		1.0
	],
	"intrinsic" : 
	{
		"height" : 1025,
		"intrinsic_matrix" : 
		[
			887.67603887904966,
			0.0,
			0.0,
			0.0,
			887.67603887904966,
			0.0,
			926.0,
			512.0,
			1.0
		],
		"width" : 1853
	},
	"version_major" : 1,
	"version_minor" : 0
}