{
	"class_name" : "PinholeCameraParameters",
	"extrinsic" : 
	[
		0.13143843052713239,
		0.78149407946188887,
		-0.60991060225788774,
		0.0,
		0.99106761973044599,
		-0.11759137384128751,
		0.062906612688546151,
		0.0,
		-0.022559080264771138,
		-0.61273099526964825,
		-0.78996950278695832,
		0.0,
		-0.083003862113294802,
		-0.029102999621558823,
		3.1838443409340096,
		1.0
	],
	"intrinsic" : 
	{
		"height" : 1025,
		"intrinsic_matrix" : 
		[
			887.67603887904966,
			0.0,
			0.0,
			0.0,
			887.67603887904966,
			0.0,
			926.0,
			512.0,
			1.0
		],
		"width" : 1853
	},
	"version_major" : 1,
	"version_minor" : 0
}