{
	"class_name" : "PinholeCameraParameters",
	"extrinsic" : 
	[
		0.45543771503794384,
		0.20529897135010927,
		-0.86627294779624964,
		0.0,
		0.89021750346746953,
		-0.094692047429120824,
		0.4455852473700484,
		0.0,
		0.0094490338745681496,
		-0.97410766782541458,
		-0.22588706745311721,
		0.0,
		0.060492650386823575,
		0.32393742979380624,
		4.6252238856144139,
		1.0
	],
	"intrinsic" : 
	{
		"height" : 1025,
		"intrinsic_matrix" : 
		[
			887.67603887904966,
			0.0,
			0.0,
			0.0,
			887.67603887904966,
			0.0,
			926.0,
			512.0,
			1.0
		],
		"width" : 1853
	},
	"version_major" : 1,
	"version_minor" : 0
}