{
	"class_name" : "PinholeCameraParameters",
	"extrinsic" : 
	[
		0.1896287643681934,
		0.89576181363650076,
		-0.40205933014275291,
		0.0,
		0.98146077704336387,
		-0.18454695951185901,
		0.051741307099499825,
		0.0,
		-0.027850939833848658,
		-0.40441710271151399,
		-0.9141504975575937,
		0.0,
		0.064284082923337191,
		0.16637436314603193,
		3.6348425427392601,
		1.0
	],
	"intrinsic" : 
	{
		"height" : 1025,
		"intrinsic_matrix" : 
		[
			887.67603887904966,
			0.0,
			0.0,
			0.0,
			887.67603887904966,
			0.0,
			926.0,
			512.0,
			1.0
		],
		"width" : 1853
	},
	"version_major" : 1,
	"version_minor" : 0
}