{
	"class_name" : "PinholeCameraParameters",
	"extrinsic" : 
	[
		0.012249782134613627,
		-0.47183685268751069,
		0.88160077545542059,
		0.0,
		-0.99943046438409322,
		-0.033502192031707782,
		-0.0040435120955187812,
		0.0,
		0.031443436495563457,
		-0.88104914027255887,
		-0.47197851934842805,
		0.0,
		-0.056661681762640907,
		0.2640379303282494,
		3.5489164888949083,
		1.0
	],
	"intrinsic" : 
	{
		"height" : 1025,
		"intrinsic_matrix" : 
		[
			887.67603887904966,
			0.0,
			0.0,
			0.0,
			887.67603887904966,
			0.0,
			926.0,
			512.0,
			1.0
		],
		"width" : 1853
	},
	"version_major" : 1,
	"version_minor" : 0
}