{
	"class_name" : "PinholeCameraParameters",
	"extrinsic" : 
	[
		0.82742155207933044,
		-0.2262397691457646,
		0.51399332876167092,
		0.0,
		-0.55151927836596448,
		-0.4998456329210284,
		0.66781796085494916,
		0.0,
		0.10583033943684467,
		-0.83604420344061214,
		-0.53835864360854702,
		0.0,
		-0.021009997469921327,
		0.2391353445580644,
		6.9372805422486339,
		1.0
	],
	"intrinsic" : 
	{
		"height" : 1025,
		"intrinsic_matrix" : 
		[
			887.67603887904966,
			0.0,
			0.0,
			0.0,
			887.67603887904966,
			0.0,
			926.0,
			512.0,
			1.0
		],
		"width" : 1853
	},
	"version_major" : 1,
	"version_minor" : 0
}