{
	"class_name" : "PinholeCameraParameters",
	"extrinsic" : 
	[
		0.15910049903259452,
		0.79345625153602917,
		-0.58746421857503217,
		0.0,
		0.98677527813800192,
		-0.10911492756142983,
		0.11986860739548499,
		0.0,
		0.031009380246118844,
		-0.59876632293546517,
		-0.80032325272673044,
		0.0,
		0.043825512496170865,
		0.22859470748415189,
		4.8111037540410191,
		1.0
	],
	"intrinsic" : 
	{
		"height" : 1025,
		"intrinsic_matrix" : 
		[
			887.67603887904966,
			0.0,
			0.0,
			0.0,
			887.67603887904966,
			0.0,
			926.0,
			512.0,
			1.0
		],
		"width" : 1853
	},
	"version_major" : 1,
	"version_minor" : 0
}